Index,User Id,First Name,Last Name,Sex,Email,Phone,Date of birth,Job Title
1,e09c4f4cbfEFaFd,Dawn,Trevino,Male,clintongood@example.org,360-423-5286,1972-01-17,Teacher, primary school
2,D781D28b845Ab9D,Dale,Mcknight,Male,clairebradshaw@example.org,9062423229,1931-01-31,Development worker, community
3,eda7EcaF87b2D80,Herbert,Bean,Female,johnnybooker@example.org,001-149-154-0679x1617,2018-02-10,Ceramics designer
4,E75ACea5D7AeC3e,Karen,Everett,Female,wkhan@example.org,870.294.7563x20939,1938-06-14,Civil engineer, consulting
5,9C4Df1246ddf543,Angela,Shea,Male,reginaldgarner@example.com,242.442.2978,1971-11-22,Health and safety adviser
6,Ca64cDbaCE8E509,Edward,Marsh,Male,terrygregg@example.org,102.278.4475,1961-09-29,Counsellor
7,de7a3B52BA7aDcd,Jane,Ewing,Female,sonya81@example.org,+1-355-400-9148x9713,2008-10-20,Logistics and distribution manager
8,d54D30C5Ce7A20F,Jasmin,Collins,Male,brennandawn@example.com,053-313-3124x48418,1986-05-30,Financial controller
9,21DC9aA0fa31D0C,Dakota,Gregory,Male,mcooper@example.net,561-089-8829x7111,1939-01-21,Probation officer
10,Ae5E6FBeCdcb982,Jean,Ferrell,Female,alejandraadkins@example.com,(660)872-0844x8093,1947-01-13,Careers information officer
11,50e8dCC5b9AE4E6,Lucas,Morton,Male,donnagoodwin@example.com,001-034-283-9962x2100,1926-03-13,Engineer, materials
12,832a0c3F8Cfbfe0,Cody,Mcconnell,Female,hollysolomon@example.org,+1-587-606-7008x0376,1969-12-23,Sub
13,8cEFa319c0DDdAa,Tabitha,Hendrix,Male,coleclarke@example.org,001-610-492-3755,2013-09-08,Surveyor, commercial/residential
14,De8c6BebBA0c8b6,Mary,Mercado,Male,bryantsteve@example.org,6151197114,1952-09-10,Community development worker
15,f8a324f94cE4Dd1,Ashlee,Espinoza,Male,osloan@example.net,(047)750-1618x9895,1945-11-29,Geoscientist
16,3c43f9C64EA74bF,Shari,Blanchard,Male,peckroger@example.org,239-390-9769x1550,2006-03-31,Surveyor, building control
17,6BeedD49dB2b71c,Brandy,Mckenzie,Female,bridgesdakota@example.org,719.175.3859,2006-09-21,Sound technician, broadcasting/film/video
18,A4FE2ebA3CF26DA,Clinton,Pineda,Male,samuel41@example.org,(826)062-5055,1942-10-05,Multimedia specialist
19,4e1681BeaD9FfDa,Maureen,Novak,Female,hollyharrington@example.net,001-799-763-0832x192,1941-01-30,Video editor
20,7bb750E038dB4eF,Alexis,Rubio,Female,sbarber@example.org,861.045.1464x75700,1995-08-27,Outdoor activities/education manager
